[
  {
    "System": "RiskCalculator",
    "Region": "NA",
    "Description": "North America Equity Risk",
    "Source_Env": "DEV",
    "Source_URL": "https://dev-risk-na.jpmchase.net/swagger-ui/",
    "Target_Env": "PROD",
    "Target_URL": "https://prod-risk-na.jpmchase.net/swagger-ui/"
  },
  {
    "System": "RiskCalculator",
    "Region": "EMEA",
    "Description": "Europe Market Risk",
    "Source_Env": "UAT",
    "Source_URL": "https://uat-risk-emea.jpmchase.net/swagger-ui/",
    "Target_Env": "PROD",
    "Target_URL": "https://prod-risk-emea.jpmchase.net/swagger-ui/"
  }
]