[
  {
    "receivedAt": "2025-06-01T07:11:17.691Z",
    "data": {
      "source": "A",
      "value": 987654321,
      "timestamp": "2025-06-01T12:41"
    },
    "status": "SUCCESS",
    "downstreamResponse": {
      "args": {},
      "data": "{\"source\":\"A\",\"value\":987654321,\"timestamp\":\"2025-06-01T12:41\"}",
      "files": {},
      "form": {},
      "headers": {
        "Accept": "application/json, text/plain, */*",
        "Accept-Encoding": "gzip, compress, deflate, br",
        "Content-Length": "63",
        "Content-Type": "application/json",
        "Host": "httpbin.org",
        "User-Agent": "axios/1.9.0",
        "X-Amzn-Trace-Id": "Root=1-683bfd16-218479c07b8e3e4603861e47"
      },
      "json": {
        "source": "A",
        "timestamp": "2025-06-01T12:41",
        "value": 987654321
      },
      "origin": "157.51.24.11",
      "url": "https://httpbin.org/post"
    }
  },
  {
    "receivedAt": "2025-06-01T08:21:28.648Z",
    "status": "SUCCESS",
    "downstreamResponse": {
      "args": {},
      "data": "",
      "files": {},
      "form": {},
      "headers": {
        "Accept": "application/json, text/plain, */*",
        "Accept-Encoding": "gzip, compress, deflate, br",
        "Content-Length": "0",
        "Content-Type": "application/json",
        "Host": "httpbin.org",
        "User-Agent": "axios/1.9.0",
        "X-Amzn-Trace-Id": "Root=1-683c0d8a-16062f8b4710dfa80fd5562f"
      },
      "json": null,
      "origin": "157.51.18.167",
      "url": "https://httpbin.org/post"
    }
  },
  {
    "receivedAt": "2025-06-01T08:22:08.474Z",
    "data": {
      "source": "postman-demo",
      "value": 456,
      "timestamp": "2025-06-01T12:34:56Z"
    },
    "status": "SUCCESS",
    "downstreamResponse": {
      "args": {},
      "data": "{\"source\":\"postman-demo\",\"value\":456,\"timestamp\":\"2025-06-01T12:34:56Z\"}",
      "files": {},
      "form": {},
      "headers": {
        "Accept": "application/json, text/plain, */*",
        "Accept-Encoding": "gzip, compress, deflate, br",
        "Content-Length": "72",
        "Content-Type": "application/json",
        "Host": "httpbin.org",
        "User-Agent": "axios/1.9.0",
        "X-Amzn-Trace-Id": "Root=1-683c0db1-32c0c6df2dcd4f6f293d243d"
      },
      "json": {
        "source": "postman-demo",
        "timestamp": "2025-06-01T12:34:56Z",
        "value": 456
      },
      "origin": "157.51.18.167",
      "url": "https://httpbin.org/post"
    }
  },
  {
    "receivedAt": "2025-06-01T08:24:06.065Z",
    "data": {
      "source": "SourceB",
      "value": 998877,
      "timestamp": "1981-02-02T01:01"
    },
    "status": "SUCCESS",
    "downstreamResponse": {
      "args": {},
      "data": "{\"source\":\"SourceB\",\"value\":998877,\"timestamp\":\"1981-02-02T01:01\"}",
      "files": {},
      "form": {},
      "headers": {
        "Accept": "application/json, text/plain, */*",
        "Accept-Encoding": "gzip, compress, deflate, br",
        "Content-Length": "66",
        "Content-Type": "application/json",
        "Host": "httpbin.org",
        "User-Agent": "axios/1.9.0",
        "X-Amzn-Trace-Id": "Root=1-683c0e27-0f66afa9022dab465fad403f"
      },
      "json": {
        "source": "SourceB",
        "timestamp": "1981-02-02T01:01",
        "value": 998877
      },
      "origin": "157.51.18.167",
      "url": "https://httpbin.org/post"
    }
  },
  {
    "id": "b8d86288-2a77-4bf3-b251-1d342a61a8ad",
    "receivedAt": "2025-06-02T14:52:46.944Z",
    "data": {
      "source": "MDU",
      "value": 9876541,
      "timestamp": "2025-06-02T20:20"
    },
    "status": "SUCCESS",
    "downstreamResponse": {
      "args": {},
      "data": "{\"source\":\"MDU\",\"value\":9876541,\"timestamp\":\"2025-06-02T20:20\"}",
      "files": {},
      "form": {},
      "headers": {
        "Accept": "application/json, text/plain, */*",
        "Accept-Encoding": "gzip, compress, deflate, br",
        "Content-Length": "63",
        "Content-Type": "application/json",
        "Host": "httpbin.org",
        "User-Agent": "axios/1.9.0",
        "X-Amzn-Trace-Id": "Root=1-683dbac1-2a48c6480aad729235d40d6b"
      },
      "json": {
        "source": "MDU",
        "timestamp": "2025-06-02T20:20",
        "value": 9876541
      },
      "origin": "157.51.17.28",
      "url": "https://httpbin.org/post"
    }
  },
  {
    "id": "7d993f72-6e14-4374-a6aa-65cde46da99f",
    "receivedAt": "2025-06-02T15:07:30.310Z",
    "data": {
      "source": "ABC",
      "value": null,
      "timestamp": "2011-01-01T11:11"
    },
    "status": "FAILED",
    "error": "Request failed with status code 503"
  },
  {
    "id": "a66487e3-0974-4ae9-9ce5-095268786946",
    "receivedAt": "2025-06-02T15:42:13.527Z",
    "data": {
      "source": "ABC",
      "value": 1231212111111,
      "timestamp": "2011-01-01T11:11"
    },
    "status": "FAILED",
    "error": "Request failed with status code 503"
  },
  {
    "id": "5f8078cc-179b-4a50-8ddb-4578fec7c447",
    "receivedAt": "2025-06-02T15:42:29.637Z",
    "data": {
      "source": "TPJ",
      "value": 1231212111111,
      "timestamp": "2011-01-01T11:11"
    },
    "status": "FAILED",
    "error": "Request failed with status code 503"
  },
  {
    "id": "54a631b0-010e-4030-8e96-01556a487094",
    "receivedAt": "2025-06-02T15:43:15.812Z",
    "data": {
      "source": "AAA123",
      "value": 987,
      "timestamp": "2025-02-02T12:12"
    },
    "status": "SUCCESS",
    "downstreamResponse": {
      "args": {},
      "data": "{\"source\":\"AAA123\",\"value\":987,\"timestamp\":\"2025-02-02T12:12\"}",
      "files": {},
      "form": {},
      "headers": {
        "Accept": "application/json, text/plain, */*",
        "Accept-Encoding": "gzip, compress, deflate, br",
        "Content-Length": "62",
        "Content-Type": "application/json",
        "Host": "httpbin.org",
        "User-Agent": "axios/1.9.0",
        "X-Amzn-Trace-Id": "Root=1-683dc696-0a8b4c260af8152c277fac8b"
      },
      "json": {
        "source": "AAA123",
        "timestamp": "2025-02-02T12:12",
        "value": 987
      },
      "origin": "157.51.22.35",
      "url": "https://httpbin.org/post"
    }
  }
]